<application>
  <component name="GitRememberedInputs">
    <option name="visitedUrls">
      <list>
        <UrlAndUserName>
          <option name="url" value="https://github.com/dDenysS/gulp-template.git" />
          <option name="userName" value="" />
        </UrlAndUserName>
        <UrlAndUserName>
          <option name="url" value="http://gitlab.com" />
          <option name="userName" value="roman.kobeev@yandex.ru" />
        </UrlAndUserName>
        <UrlAndUserName>
          <option name="url" value="https://gitlab.com/roman.kobeev/kobeev_roman_pcs_frontend_21_01_homeworks.git" />
          <option name="userName" value="" />
        </UrlAndUserName>
        <UrlAndUserName>
          <option name="url" value="https://gitlab.com/roman.kobeev/kobeev_roman_pcs_frontend_21_01_homeworks" />
          <option name="userName" value="" />
        </UrlAndUserName>
        <UrlAndUserName>
          <option name="url" value="https://username220678@bitbucket.org/electricauna/project-3.git" />
          <option name="userName" value="" />
        </UrlAndUserName>
        <UrlAndUserName>
          <option name="url" value="http://bitbucket.org" />
          <option name="userName" value="username220678" />
        </UrlAndUserName>
        <UrlAndUserName>
          <option name="url" value="https://github.com/lazymozek/gulp-with-tailwindcss.git" />
          <option name="userName" value="" />
        </UrlAndUserName>
        <UrlAndUserName>
          <option name="url" value="https://github.com/VasilyMur/React_Redux_Complete.git" />
          <option name="userName" value="" />
        </UrlAndUserName>
        <UrlAndUserName>
          <option name="url" value="https://github.com/statikstack/html-css-javascript-gulp.git" />
          <option name="userName" value="" />
        </UrlAndUserName>
        <UrlAndUserName>
          <option name="url" value="https://github.com/agragregra/OptimizedHTML-5.git" />
          <option name="userName" value="" />
        </UrlAndUserName>
        <UrlAndUserName>
          <option name="url" value="http://gitlab.local.com" />
          <option name="userName" value="roman_k123" />
        </UrlAndUserName>
        <UrlAndUserName>
          <option name="url" value="http://192.168.0.12" />
          <option name="userName" value="roman_kobeev@mail.ru" />
        </UrlAndUserName>
        <UrlAndUserName>
          <option name="url" value="http://git.one-touch.ru/root/rudn.git" />
          <option name="userName" value="" />
        </UrlAndUserName>
        <UrlAndUserName>
          <option name="url" value="http://git.one-touch.ru" />
          <option name="userName" value="krv@one-touch.ru" />
        </UrlAndUserName>
        <UrlAndUserName>
          <option name="url" value="http://git.one-touch.ru/caspian/academy/academy_design.git" />
          <option name="userName" value="" />
        </UrlAndUserName>
      </list>
    </option>
    <option name="cloneParentDir" value="E:\" />
  </component>
  <component name="Vcs.Log.App.Settings">
    <option name="COMPACT_REFERENCES_VIEW" value="false" />
    <option name="SHOW_CHANGES_FROM_PARENTS" value="true" />
    <option name="COLUMN_ID_ORDER">
      <list>
        <option value="Default.Root" />
        <option value="Default.Subject" />
        <option value="Default.Author" />
        <option value="Default.Date" />
        <option value="Default.Hash" />
        <option value="Space.CommitStatus" />
      </list>
    </option>
    <option name="COLUMN_ID_VISIBILITY">
      <map>
        <entry key="Table.Default.Hash.ColumnIdVisibility" value="true" />
      </map>
    </option>
    <option name="CUSTOM_BOOLEAN_PROPERTIES">
      <map>
        <entry key="Change.Log.Filter.on.Branch.Selection" value="false" />
      </map>
    </option>
  </component>
  <component name="VcsApplicationSettings">
    <option name="COMMIT_FROM_LOCAL_CHANGES" value="true" />
  </component>
</application>