<application>
  <component name="WebServers">
    <option name="servers">
      <webServer id="bd36d61c-d03c-48dd-a944-89a310c8b426" name="rudnru" url="http://academy_design.krv.dev.one-touch.ru/">
        <fileTransfer rootFolder="/var/www/krv/site/academy_design" accessType="SFTP" host="git.one-touch.ru" port="22" sshConfigId="f3c44caa-20aa-4cb5-9a51-2252514a2aaf" sshConfig="krv@git.one-touch.ru:22 password">
          <advancedOptions>
            <advancedOptions dataProtectionLevel="Private" connections="3" passiveMode="true" shareSSLContext="true" />
          </advancedOptions>
        </fileTransfer>
        <option name="numberOfConnections" value="3" />
      </webServer>
    </option>
  </component>
</application>