<profile version="1.0">
  <option name="myName" value="Default" />
  <inspection_tool class="AngularAmbiguousComponentTag" enabled="true" level="SERVER PROBLEM" enabled_by_default="true" />
  <inspection_tool class="AngularCliAddDependency" enabled="true" level="SERVER PROBLEM" enabled_by_default="true" />
  <inspection_tool class="AngularInaccessibleComponentMemberInAotMode" enabled="true" level="SERVER PROBLEM" enabled_by_default="true" />
  <inspection_tool class="AngularIncorrectTemplateDefinition" enabled="true" level="SERVER PROBLEM" enabled_by_default="true" />
  <inspection_tool class="AngularInsecureBindingToEvent" enabled="true" level="SERVER PROBLEM" enabled_by_default="true" />
  <inspection_tool class="AngularInvalidAnimationTriggerAssignment" enabled="true" level="SERVER PROBLEM" enabled_by_default="true" />
  <inspection_tool class="AngularInvalidEntryComponent" enabled="true" level="SERVER PROBLEM" enabled_by_default="true" />
  <inspection_tool class="AngularInvalidExpressionResultType" enabled="true" level="SERVER PROBLEM" enabled_by_default="true" />
  <inspection_tool class="AngularInvalidI18nAttribute" enabled="true" level="SERVER PROBLEM" enabled_by_default="true" />
  <inspection_tool class="AngularInvalidImportedOrDeclaredSymbol" enabled="true" level="SERVER PROBLEM" enabled_by_default="true" />
  <inspection_tool class="AngularInvalidSelector" enabled="true" level="SERVER PROBLEM" enabled_by_default="true" />
  <inspection_tool class="AngularInvalidTemplateReferenceVariable" enabled="true" level="SERVER PROBLEM" enabled_by_default="true" />
  <inspection_tool class="AngularMissingEventHandler" enabled="true" level="SERVER PROBLEM" enabled_by_default="true" />
  <inspection_tool class="AngularMissingOrInvalidDeclarationInModule" enabled="true" level="SERVER PROBLEM" enabled_by_default="true" />
  <inspection_tool class="AngularMultipleStructuralDirectives" enabled="true" level="SERVER PROBLEM" enabled_by_default="true" />
  <inspection_tool class="AngularNonEmptyNgContent" enabled="true" level="SERVER PROBLEM" enabled_by_default="true" />
  <inspection_tool class="AngularRecursiveModuleImportExport" enabled="true" level="SERVER PROBLEM" enabled_by_default="true" />
  <inspection_tool class="AngularUndefinedBinding" enabled="true" level="SERVER PROBLEM" enabled_by_default="true" />
  <inspection_tool class="AngularUndefinedModuleExport" enabled="true" level="SERVER PROBLEM" enabled_by_default="true" />
  <inspection_tool class="AngularUndefinedTag" enabled="true" level="SERVER PROBLEM" enabled_by_default="true" />
</profile>